{
  "bosses": [
    {
      "id": "acid-baron",
      "name": "The Acid Baron",
      "elementalType": "Acid-Base",
      "description": "Master of pH and proton transfer reactions",
      "baseHp": 1000,
      "sprite": "/sprites/boss_chemistry.png",
      "themeColor": "#10b981",
      "particleColors": ["#10b981", "#34d399", "#6ee7b7", "#a7f3d0"],
      "specialMoves": [
        {
          "id": "acid-rain",
          "name": "Acid Rain",
          "description": "Corrodes player defenses with a shower of acidic particles",
          "effect": "corrosion",
          "damage": 0,
          "duration": 3,
          "cooldown": 4,
          "intent": "debuff"
        },
        {
          "id": "neutralize",
          "name": "Neutralization Strike",
          "description": "A powerful attack that neutralizes your energy",
          "effect": "stun",
          "damage": 50,
          "duration": 1,
          "cooldown": 5,
          "intent": "attack"
        },
        {
          "id": "buffer-shield",
          "name": "Buffer Shield",
          "description": "Creates a protective buffer solution barrier",
          "effect": "defense",
          "damage": 0,
          "duration": 2,
          "cooldown": 6,
          "intent": "defend"
        }
      ],
      "enrageThreshold": 0.3,
      "phases": [
        { "hpThreshold": 1.0, "speedMultiplier": 1.0 },
        { "hpThreshold": 0.6, "speedMultiplier": 1.3 },
        { "hpThreshold": 0.25, "speedMultiplier": 1.6 }
      ]
    },
    {
      "id": "redox-reaper",
      "name": "The Redox Reaper",
      "elementalType": "Redox",
      "description": "Harvester of electrons and oxidation states",
      "baseHp": 1100,
      "sprite": "/sprites/boss_chemistry.png",
      "themeColor": "#ef4444",
      "particleColors": ["#ef4444", "#f87171", "#fca5a5", "#fee2e2"],
      "specialMoves": [
        {
          "id": "electron-drain",
          "name": "Electron Drain",
          "description": "Oxidizes your energy reserves, reducing charge rate",
          "effect": "corrosion",
          "damage": 30,
          "duration": 2,
          "cooldown": 3,
          "intent": "debuff"
        },
        {
          "id": "reduction-blast",
          "name": "Reduction Blast",
          "description": "Fires a concentrated beam of reducing agents",
          "effect": "burn",
          "damage": 80,
          "duration": 2,
          "cooldown": 5,
          "intent": "attack"
        },
        {
          "id": "galvanic-shield",
          "name": "Galvanic Shield",
          "description": "Creates an electrochemical barrier",
          "effect": "defense",
          "damage": 0,
          "duration": 2,
          "cooldown": 5,
          "intent": "defend"
        }
      ],
      "enrageThreshold": 0.25,
      "phases": [
        { "hpThreshold": 1.0, "speedMultiplier": 1.0 },
        { "hpThreshold": 0.5, "speedMultiplier": 1.4 },
        { "hpThreshold": 0.2, "speedMultiplier": 1.8 }
      ]
    },
    {
      "id": "organic-overlord",
      "name": "The Organic Overlord",
      "elementalType": "Organic",
      "description": "Master of carbon chains and functional groups",
      "baseHp": 1200,
      "sprite": "/sprites/boss_biology.png",
      "themeColor": "#8b5cf6",
      "particleColors": ["#8b5cf6", "#a78bfa", "#c4b5fd", "#ddd6fe"],
      "specialMoves": [
        {
          "id": "polymer-wrap",
          "name": "Polymer Entangle",
          "description": "Wraps you in long chain polymers, slowing reactions",
          "effect": "stun",
          "damage": 20,
          "duration": 2,
          "cooldown": 4,
          "intent": "debuff"
        },
        {
          "id": "benzene-blast",
          "name": "Benzene Blast",
          "description": "Unleashes aromatic ring energy",
          "effect": "burn",
          "damage": 70,
          "duration": 3,
          "cooldown": 5,
          "intent": "attack"
        },
        {
          "id": "isomer-shift",
          "name": "Isomer Shift",
          "description": "Rearranges molecular structure for defense",
          "effect": "defense",
          "damage": 0,
          "duration": 3,
          "cooldown": 6,
          "intent": "defend"
        }
      ],
      "enrageThreshold": 0.3,
      "phases": [
        { "hpThreshold": 1.0, "speedMultiplier": 1.0 },
        { "hpThreshold": 0.55, "speedMultiplier": 1.25 },
        { "hpThreshold": 0.25, "speedMultiplier": 1.5 }
      ]
    },
    {
      "id": "thermo-titan",
      "name": "The Thermodynamic Titan",
      "elementalType": "Thermodynamics",
      "description": "Controller of energy and entropy",
      "baseHp": 1000,
      "sprite": "/sprites/boss_physics.png",
      "themeColor": "#f97316",
      "particleColors": ["#f97316", "#fb923c", "#fdba74", "#fed7aa"],
      "specialMoves": [
        {
          "id": "entropy-surge",
          "name": "Entropy Surge",
          "description": "Increases disorder, causing burn damage over time",
          "effect": "burn",
          "damage": 40,
          "duration": 4,
          "cooldown": 4,
          "intent": "debuff"
        },
        {
          "id": "exothermic-explosion",
          "name": "Exothermic Explosion",
          "description": "Releases stored thermal energy in a massive blast",
          "effect": "none",
          "damage": 100,
          "duration": 0,
          "cooldown": 6,
          "intent": "attack"
        },
        {
          "id": "endothermic-barrier",
          "name": "Endothermic Barrier",
          "description": "Absorbs heat energy to create a cooling shield",
          "effect": "defense",
          "damage": 0,
          "duration": 2,
          "cooldown": 5,
          "intent": "defend"
        }
      ],
      "enrageThreshold": 0.25,
      "phases": [
        { "hpThreshold": 1.0, "speedMultiplier": 1.0 },
        { "hpThreshold": 0.5, "speedMultiplier": 1.35 },
        { "hpThreshold": 0.2, "speedMultiplier": 1.7 }
      ]
    },
    {
      "id": "equilibrium-emperor",
      "name": "The Equilibrium Emperor",
      "elementalType": "Equilibrium",
      "description": "Master of Le Chatelier's principle",
      "baseHp": 1050,
      "sprite": "/sprites/boss_maths.png",
      "themeColor": "#06b6d4",
      "particleColors": ["#06b6d4", "#22d3ee", "#67e8f9", "#a5f3fc"],
      "specialMoves": [
        {
          "id": "shift-left",
          "name": "Equilibrium Shift",
          "description": "Shifts the balance against you, reducing effectiveness",
          "effect": "corrosion",
          "damage": 25,
          "duration": 3,
          "cooldown": 4,
          "intent": "debuff"
        },
        {
          "id": "concentration-crush",
          "name": "Concentration Crush",
          "description": "Overwhelms with high concentration reactants",
          "effect": "stun",
          "damage": 60,
          "duration": 1,
          "cooldown": 5,
          "intent": "attack"
        },
        {
          "id": "dynamic-defense",
          "name": "Dynamic Equilibrium",
          "description": "Achieves perfect balance for maximum defense",
          "effect": "defense",
          "damage": 0,
          "duration": 3,
          "cooldown": 6,
          "intent": "defend"
        }
      ],
      "enrageThreshold": 0.28,
      "phases": [
        { "hpThreshold": 1.0, "speedMultiplier": 1.0 },
        { "hpThreshold": 0.6, "speedMultiplier": 1.3 },
        { "hpThreshold": 0.25, "speedMultiplier": 1.6 }
      ]
    },
    {
      "id": "kinetic-king",
      "name": "The Kinetic King",
      "elementalType": "Kinetics",
      "description": "Ruler of reaction rates and activation energy",
      "baseHp": 950,
      "sprite": "/sprites/boss_physics.png",
      "themeColor": "#eab308",
      "particleColors": ["#eab308", "#facc15", "#fde047", "#fef08a"],
      "specialMoves": [
        {
          "id": "catalyst-curse",
          "name": "Catalyst Curse",
          "description": "Speeds up negative reactions against you",
          "effect": "burn",
          "damage": 35,
          "duration": 3,
          "cooldown": 3,
          "intent": "debuff"
        },
        {
          "id": "activation-assault",
          "name": "Activation Energy Assault",
          "description": "Lowers your activation energy threshold",
          "effect": "none",
          "damage": 75,
          "duration": 0,
          "cooldown": 4,
          "intent": "attack"
        },
        {
          "id": "inhibitor-shield",
          "name": "Inhibitor Shield",
          "description": "Slows all reactions for defensive purposes",
          "effect": "defense",
          "damage": 0,
          "duration": 2,
          "cooldown": 5,
          "intent": "defend"
        }
      ],
      "enrageThreshold": 0.3,
      "phases": [
        { "hpThreshold": 1.0, "speedMultiplier": 1.1 },
        { "hpThreshold": 0.55, "speedMultiplier": 1.4 },
        { "hpThreshold": 0.22, "speedMultiplier": 1.8 }
      ]
    },
    {
      "id": "atomic-archmage",
      "name": "The Atomic Archmage",
      "elementalType": "Atomic Structure",
      "description": "Master of electron configurations and orbitals",
      "baseHp": 1150,
      "sprite": "/sprites/boss_maths.png",
      "themeColor": "#ec4899",
      "particleColors": ["#ec4899", "#f472b6", "#f9a8d4", "#fbcfe8"],
      "specialMoves": [
        {
          "id": "electron-excitation",
          "name": "Electron Excitation",
          "description": "Excites your electrons to unstable states",
          "effect": "burn",
          "damage": 45,
          "duration": 2,
          "cooldown": 4,
          "intent": "debuff"
        },
        {
          "id": "orbital-obliteration",
          "name": "Orbital Obliteration",
          "description": "Destabilizes your atomic structure",
          "effect": "stun",
          "damage": 85,
          "duration": 1,
          "cooldown": 6,
          "intent": "attack"
        },
        {
          "id": "noble-gas-shield",
          "name": "Noble Gas Configuration",
          "description": "Achieves stable electron configuration for defense",
          "effect": "defense",
          "damage": 0,
          "duration": 3,
          "cooldown": 5,
          "intent": "defend"
        }
      ],
      "enrageThreshold": 0.25,
      "phases": [
        { "hpThreshold": 1.0, "speedMultiplier": 1.0 },
        { "hpThreshold": 0.5, "speedMultiplier": 1.3 },
        { "hpThreshold": 0.2, "speedMultiplier": 1.65 }
      ]
    },
    {
      "id": "solution-sovereign",
      "name": "The Solution Sovereign",
      "elementalType": "Solutions",
      "description": "Lord of solubility and concentration",
      "baseHp": 1000,
      "sprite": "/sprites/boss_biology.png",
      "themeColor": "#3b82f6",
      "particleColors": ["#3b82f6", "#60a5fa", "#93c5fd", "#bfdbfe"],
      "specialMoves": [
        {
          "id": "dilution-drain",
          "name": "Dilution Drain",
          "description": "Dilutes your power, reducing damage output",
          "effect": "corrosion",
          "damage": 20,
          "duration": 3,
          "cooldown": 3,
          "intent": "debuff"
        },
        {
          "id": "supersaturation-strike",
          "name": "Supersaturation Strike",
          "description": "Unleashes precipitated crystals as projectiles",
          "effect": "none",
          "damage": 90,
          "duration": 0,
          "cooldown": 5,
          "intent": "attack"
        },
        {
          "id": "colloidal-cover",
          "name": "Colloidal Cover",
          "description": "Creates a suspended particle shield",
          "effect": "defense",
          "damage": 0,
          "duration": 2,
          "cooldown": 5,
          "intent": "defend"
        }
      ],
      "enrageThreshold": 0.3,
      "phases": [
        { "hpThreshold": 1.0, "speedMultiplier": 1.0 },
        { "hpThreshold": 0.6, "speedMultiplier": 1.25 },
        { "hpThreshold": 0.25, "speedMultiplier": 1.55 }
      ]
    }
  ]
}
